{"cameraMode":{"drawMode":0,"name":"Shaded","section":"Shading Mode"},"sceneLighting":false,"audioPlay":false,"sceneViewState":{"showFog":true,"showMaterialUpdate":false,"showSkybox":false,"showFlares":true,"showImageEffects":true,"showParticleSystems":true},"in2DMode":false,"pivot":{"x":0.16429370641708375,"y":-0.2299908846616745,"z":0.1551930457353592},"rotation":{"x":0.26238778233528139,"y":0.3918207883834839,"z":-0.11360786110162735,"w":0.8750492334365845},"size":1.6800236701965333,"orthographic":false}