{"cameraMode":{"drawMode":0,"name":"Shaded","section":"Shading Mode"},"sceneLighting":false,"audioPlay":false,"sceneViewState":{"showFog":true,"showMaterialUpdate":false,"showSkybox":false,"showFlares":true,"showImageEffects":true,"showParticleSystems":true},"in2DMode":false,"pivot":{"x":407.40679931640627,"y":219.5154571533203,"z":53.97360610961914},"rotation":{"x":-0.20288671553134919,"y":-0.008228898048400879,"z":0.0017077582888305188,"w":-0.9791813492774963},"size":233.34524536132813,"orthographic":false}