{"cameraMode":{"drawMode":0,"name":"Shaded","section":"Shading Mode"},"sceneLighting":false,"audioPlay":false,"sceneViewState":{"showFog":true,"showMaterialUpdate":false,"showSkybox":false,"showFlares":true,"showImageEffects":true,"showParticleSystems":true},"in2DMode":false,"pivot":{"x":1.0865983963012696,"y":1.3073430061340333,"z":-5.523475646972656},"rotation":{"x":-0.33609384298324587,"y":-0.4970571994781494,"z":0.21662551164627076,"w":-0.7702524662017822},"size":63.24183654785156,"orthographic":false}