{"cameraMode":{"drawMode":0,"name":"Shaded","section":"Shading Mode"},"sceneLighting":false,"audioPlay":false,"sceneViewState":{"showFog":true,"showMaterialUpdate":false,"showSkybox":false,"showFlares":true,"showImageEffects":true,"showParticleSystems":true},"in2DMode":false,"pivot":{"x":-1.9764134883880616,"y":-6.480930328369141,"z":-6.75667142868042},"rotation":{"x":0.10805334895849228,"y":-0.887522280216217,"z":0.360565185546875,"w":0.2667502760887146},"size":11.493216514587403,"orthographic":false}