{"cameraMode":{"drawMode":0,"name":"Shaded","section":"Shading Mode"},"sceneLighting":false,"audioPlay":false,"sceneViewState":{"showFog":true,"showMaterialUpdate":false,"showSkybox":false,"showFlares":true,"showImageEffects":true,"showParticleSystems":true},"in2DMode":false,"pivot":{"x":-4.35753059387207,"y":3.546764373779297,"z":-8.41680908203125},"rotation":{"x":0.11074339598417282,"y":-0.8532158136367798,"z":0.202459454536438,"w":0.46827149391174319},"size":36.0681266784668,"orthographic":false}