{"cameraMode":{"drawMode":0,"name":"Shaded","section":"Shading Mode"},"sceneLighting":false,"audioPlay":false,"sceneViewState":{"showFog":true,"showMaterialUpdate":false,"showSkybox":false,"showFlares":true,"showImageEffects":true,"showParticleSystems":true},"in2DMode":false,"pivot":{"x":-0.016743570566177369,"y":0.01740562915802002,"z":-0.01068820059299469},"rotation":{"x":-0.33609384298324587,"y":-0.4970571994781494,"z":0.21662551164627076,"w":-0.7702524662017822},"size":0.9445501565933228,"orthographic":false}