{"cameraMode":{"drawMode":0,"name":"Shaded","section":"Shading Mode"},"sceneLighting":false,"audioPlay":false,"sceneViewState":{"showFog":true,"showMaterialUpdate":false,"showSkybox":false,"showFlares":true,"showImageEffects":true,"showParticleSystems":true},"in2DMode":false,"pivot":{"x":0.15134334564208985,"y":0.9488009214401245,"z":-0.3270893096923828},"rotation":{"x":-0.33609384298324587,"y":-0.4970571994781494,"z":0.21662551164627076,"w":-0.7702524662017822},"size":10.620704650878907,"orthographic":false}