{"cameraMode":{"drawMode":0,"name":"Shaded","section":"Shading Mode"},"sceneLighting":false,"audioPlay":false,"sceneViewState":{"showFog":true,"showMaterialUpdate":false,"showSkybox":false,"showFlares":true,"showImageEffects":true,"showParticleSystems":true},"in2DMode":false,"pivot":{"x":-0.31916990876197817,"y":1.2321031093597413,"z":0.07677741348743439},"rotation":{"x":0.19453291594982148,"y":-0.3000161349773407,"z":0.06277821213006973,"w":0.9320608377456665},"size":2.38680362701416,"orthographic":false}