{"cameraMode":{"drawMode":0,"name":"Shaded","section":"Shading Mode"},"sceneLighting":false,"audioPlay":false,"sceneViewState":{"showFog":true,"showMaterialUpdate":false,"showSkybox":false,"showFlares":true,"showImageEffects":true,"showParticleSystems":true},"in2DMode":false,"pivot":{"x":-0.001101851463317871,"y":0.0,"z":0.00004494190216064453},"rotation":{"x":0.19795642793178559,"y":0.46649211645126345,"z":-0.10384520143270493,"w":0.8563913702964783},"size":7.860283851623535,"orthographic":false}