{"cameraMode":{"drawMode":0,"name":"Shaded","section":"Shading Mode"},"sceneLighting":true,"audioPlay":false,"sceneViewState":{"showFog":true,"showMaterialUpdate":false,"showSkybox":true,"showFlares":true,"showImageEffects":true,"showParticleSystems":true},"in2DMode":false,"pivot":{"x":700.9285888671875,"y":274.23345947265627,"z":313.64508056640627},"rotation":{"x":0.16615861654281617,"y":-0.7774037718772888,"z":0.23077689111232758,"w":0.5612937211990356},"size":94.79146575927735,"orthographic":false}