{"cameraMode":{"drawMode":0,"name":"Shaded","section":"Shading Mode"},"sceneLighting":false,"audioPlay":false,"sceneViewState":{"showFog":true,"showMaterialUpdate":false,"showSkybox":false,"showFlares":true,"showImageEffects":true,"showParticleSystems":true},"in2DMode":false,"pivot":{"x":-3.9129772186279299,"y":0.21538835763931275,"z":0.0},"rotation":{"x":-0.01953870989382267,"y":0.9670295715332031,"z":-0.24158376455307008,"w":-0.07820896804332733},"size":17.774965286254884,"orthographic":false}