{"cameraMode":{"drawMode":0,"name":"Shaded","section":"Shading Mode"},"sceneLighting":false,"audioPlay":false,"sceneViewState":{"showFog":true,"showMaterialUpdate":false,"showSkybox":false,"showFlares":true,"showImageEffects":true,"showParticleSystems":true},"in2DMode":false,"pivot":{"x":0.6564299464225769,"y":0.15017849206924439,"z":-0.1796923279762268},"rotation":{"x":0.1251009702682495,"y":-0.6408407688140869,"z":0.10691755264997482,"w":0.7499052882194519},"size":1.1857883930206299,"orthographic":false}