{"cameraMode":{"drawMode":0,"name":"Shaded","section":"Shading Mode"},"sceneLighting":false,"audioPlay":false,"sceneViewState":{"showFog":true,"showMaterialUpdate":false,"showSkybox":false,"showFlares":true,"showImageEffects":true,"showParticleSystems":true},"in2DMode":false,"pivot":{"x":-0.036845505237579349,"y":0.0099751316010952,"z":-0.011669725179672242},"rotation":{"x":-0.33609384298324587,"y":-0.4970571994781494,"z":0.21662551164627076,"w":-0.7702524662017822},"size":1.0296543836593629,"orthographic":false}